{
  "name": "box", 
  "compressed": false, 
  "data": {
    "Indices": [
      0, 
      1, 
      2, 
      3, 
      4, 
      5, 
      0, 
      3, 
      6, 
      1, 
      6, 
      5, 
      2, 
      5, 
      4, 
      3, 
      0, 
      7, 
      7, 
      0, 
      2, 
      6, 
      3, 
      5, 
      1, 
      0, 
      6, 
      2, 
      1, 
      5, 
      7, 
      2, 
      4, 
      4, 
      3, 
      7
    ], 
    "IndexLengths": [
      36
    ], 
    "Vertices": [
      0.8651741147041321, 
      0.8651740550994873, 
      -0.8651741147041321, 
      0.8651741147041321, 
      -0.8651741147041321, 
      -0.8651741147041321, 
      -0.8651742339134216, 
      -0.8651739358901978, 
      -0.8651741147041321, 
      0.8651745319366455, 
      0.8651736974716187, 
      0.8651741147041321, 
      -0.8651740550994873, 
      0.8651741147041321, 
      0.8651741147041321, 
      -0.8651744723320007, 
      -0.8651737570762634, 
      0.8651741147041321, 
      0.8651735782623291, 
      -0.8651746511459351, 
      0.8651741147041321, 
      -0.8651737570762634, 
      0.8651744723320007, 
      -0.8651741147041321
    ], 
    "VertexCount": 8, 
    "IndexModes": [
      "Triangles"
    ], 
    "Normals": [
      0.5773491859436035, 
      0.5773491859436035, 
      -0.5773491859436035, 
      0.5773491859436035, 
      -0.5773491859436035, 
      -0.5773491859436035, 
      -0.5773491859436035, 
      -0.5773491859436035, 
      -0.5773491859436035, 
      0.5773491859436035, 
      0.5773491859436035, 
      0.5773491859436035, 
      -0.5773491859436035, 
      0.5773491859436035, 
      0.5773491859436035, 
      -0.5773491859436035, 
      -0.5773491859436035, 
      0.5773491859436035, 
      0.5773491859436035, 
      -0.5773491859436035, 
      0.5773491859436035, 
      -0.5773491859436035, 
      0.5773491859436035, 
      -0.5773491859436035
    ]
  }
}