{
  "data": {
    "Indices": [
      0, 
      1, 
      2, 
      3, 
      4, 
      5, 
      6, 
      7, 
      2, 
      7, 
      8, 
      2, 
      9, 
      10, 
      11, 
      9, 
      11, 
      12, 
      13, 
      14, 
      15, 
      13, 
      15, 
      16, 
      17, 
      18, 
      19, 
      17, 
      19, 
      20, 
      21, 
      22, 
      23, 
      24, 
      25, 
      26, 
      27, 
      28, 
      29, 
      30, 
      31, 
      32, 
      33, 
      34, 
      35, 
      36, 
      37, 
      38, 
      23, 
      22, 
      39, 
      23, 
      39, 
      40, 
      41, 
      42, 
      43, 
      41, 
      43, 
      44, 
      45, 
      46, 
      47, 
      45, 
      47, 
      48, 
      49, 
      50, 
      51, 
      49, 
      51, 
      52, 
      53, 
      54, 
      55, 
      53, 
      55, 
      56, 
      57, 
      58, 
      59, 
      57, 
      59, 
      60, 
      61, 
      62, 
      63, 
      61, 
      63, 
      64, 
      65, 
      66, 
      67, 
      68, 
      69, 
      70, 
      71, 
      72, 
      73, 
      74, 
      75, 
      76, 
      74, 
      76, 
      77, 
      78, 
      79, 
      80, 
      78, 
      80, 
      81, 
      82, 
      83, 
      84, 
      82, 
      84, 
      85, 
      74, 
      77, 
      86, 
      74, 
      86, 
      87, 
      88, 
      89, 
      90, 
      88, 
      90, 
      91, 
      80, 
      79, 
      92, 
      80, 
      92, 
      93, 
      94, 
      95, 
      96, 
      94, 
      96, 
      97, 
      98, 
      99, 
      100, 
      98, 
      100, 
      101
    ], 
    "IndexLengths": [
      147
    ], 
    "VertexCount": 102, 
    "Vertices": [
      -7.907125949859619, 
      1.2655677795410156, 
      7.918153285980225, 
      -2.3099026679992676, 
      1.2655677795410156, 
      7.918153285980225, 
      -7.907125949859619, 
      1.2656420469284058, 
      -9.081846237182617, 
      -2.3099026679992676, 
      1.2655677795410156, 
      7.918153285980225, 
      2.1519875526428223, 
      1.2655677795410156, 
      7.918153285980225, 
      -7.907125949859619, 
      1.2656420469284058, 
      -9.081846237182617, 
      2.1519875526428223, 
      1.2655677795410156, 
      7.918153285980225, 
      7.879353046417236, 
      1.2655677795410156, 
      7.918153285980225, 
      7.879353046417236, 
      1.2656420469284058, 
      -9.081846237182617, 
      -7.907125949859619, 
      1.2656420469284058, 
      -9.081846237182617, 
      7.879353046417236, 
      1.2656420469284058, 
      -9.081846237182617, 
      7.879353046417236, 
      10.265643119812012, 
      -9.081807136535645, 
      -7.907125949859619, 
      10.265643119812012, 
      -9.081807136535645, 
      7.879353046417236, 
      1.2656420469284058, 
      -9.081846237182617, 
      7.879353046417236, 
      1.2655677795410156, 
      7.918153285980225, 
      7.879353046417236, 
      10.265568733215332, 
      7.918192386627197, 
      7.879353046417236, 
      10.265643119812012, 
      -9.081807136535645, 
      -7.907125949859619, 
      1.2655677795410156, 
      7.918153285980225, 
      -7.907125949859619, 
      1.2656420469284058, 
      -9.081846237182617, 
      -7.907125949859619, 
      10.265643119812012, 
      -9.081807136535645, 
      -7.907125949859619, 
      10.265568733215332, 
      7.918192386627197, 
      7.879353046417236, 
      10.265568733215332, 
      7.918192386627197, 
      2.1519875526428223, 
      7.408432483673096, 
      7.918179988861084, 
      2.1519875526428223, 
      10.265568733215332, 
      7.918192386627197, 
      7.879353046417236, 
      10.265568733215332, 
      7.918192386627197, 
      7.879353046417236, 
      1.2655677795410156, 
      7.918153285980225, 
      2.1519875526428223, 
      7.408432483673096, 
      7.918179988861084, 
      7.879353046417236, 
      1.2655677795410156, 
      7.918153285980225, 
      2.1519875526428223, 
      1.2655677795410156, 
      7.918153285980225, 
      2.1519875526428223, 
      7.408432483673096, 
      7.918179988861084, 
      -2.3099026679992676, 
      10.265568733215332, 
      7.918192386627197, 
      -7.907125949859619, 
      1.2655677795410156, 
      7.918153285980225, 
      -7.907125949859619, 
      10.265568733215332, 
      7.918192386627197, 
      -2.3099026679992676, 
      10.265568733215332, 
      7.918192386627197, 
      -2.3099026679992676, 
      7.408432483673096, 
      7.918179988861084, 
      -7.907125949859619, 
      1.2655677795410156, 
      7.918153285980225, 
      -2.3099026679992676, 
      7.408432483673096, 
      7.918179988861084, 
      -2.3099026679992676, 
      1.2655677795410156, 
      7.918153285980225, 
      -7.907125949859619, 
      1.2655677795410156, 
      7.918153285980225, 
      -2.3099026679992676, 
      7.408432483673096, 
      7.918179988861084, 
      -2.3099026679992676, 
      10.265568733215332, 
      7.918192386627197, 
      2.1519875526428223, 
      1.2655677795410156, 
      7.918153285980225, 
      -2.3099026679992676, 
      1.2655677795410156, 
      7.918153285980225, 
      -2.3099026679992676, 
      1.2655651569366455, 
      8.51815414428711, 
      2.1519875526428223, 
      1.2655651569366455, 
      8.51815414428711, 
      -2.3099026679992676, 
      7.408432483673096, 
      7.918179988861084, 
      2.1519875526428223, 
      7.408432483673096, 
      7.918179988861084, 
      2.1519875526428223, 
      7.408430099487305, 
      8.518180847167969, 
      -2.3099026679992676, 
      7.408430099487305, 
      8.518180847167969, 
      2.1519875526428223, 
      7.408432483673096, 
      7.918179988861084, 
      2.1519875526428223, 
      1.2655677795410156, 
      7.918153285980225, 
      2.1519875526428223, 
      1.2655651569366455, 
      8.51815414428711, 
      2.1519875526428223, 
      7.408430099487305, 
      8.518180847167969, 
      -2.3099026679992676, 
      1.2655677795410156, 
      7.918153285980225, 
      -2.3099026679992676, 
      7.408432483673096, 
      7.918179988861084, 
      -2.3099026679992676, 
      7.408430099487305, 
      8.518180847167969, 
      -2.3099026679992676, 
      1.2655651569366455, 
      8.51815414428711, 
      2.1519875526428223, 
      10.265565872192383, 
      8.518193244934082, 
      2.1519875526428223, 
      1.2655651569366455, 
      8.51815414428711, 
      8.266114234924316, 
      1.2655651569366455, 
      8.51815414428711, 
      8.266114234924316, 
      10.265565872192383, 
      8.518193244934082, 
      -2.3099026679992676, 
      7.408430099487305, 
      8.518180847167969, 
      2.1519875526428223, 
      7.408430099487305, 
      8.518180847167969, 
      2.1519875526428223, 
      10.265565872192383, 
      8.518193244934082, 
      -2.3099026679992676, 
      10.265565872192383, 
      8.518193244934082, 
      -2.3099026679992676, 
      10.265565872192383, 
      8.518193244934082, 
      -8.4238862991333, 
      10.265565872192383, 
      8.518193244934082, 
      -8.4238862991333, 
      1.2655651569366455, 
      8.51815414428711, 
      -2.3099026679992676, 
      7.408430099487305, 
      8.518180847167969, 
      -2.3099026679992676, 
      10.265565872192383, 
      8.518193244934082, 
      -8.4238862991333, 
      1.2655651569366455, 
      8.51815414428711, 
      -2.3099026679992676, 
      7.408430099487305, 
      8.518180847167969, 
      -8.4238862991333, 
      1.2655651569366455, 
      8.51815414428711, 
      -2.3099026679992676, 
      1.2655651569366455, 
