{
  "name": "Triangle", 
  "compressed": false, 
  "data": {
    "Indices": [
      0, 
      1, 
      2
    ], 
    "Vertices": [
      -0.20269808173179626, 
      0.0008473582565784454, 
      -1.0871596336364746, 
      0.8432695865631104, 
      -0.01062869280576706, 
      -0.11402565240859985, 
      -0.6405714154243469, 
      0.009781334549188614, 
      1.2011853456497192
    ], 
    "IndexLengths": [
      3
    ], 
    "VertexCount": 3, 
    "Normals": [
      -0.012396029196679592, 
      -0.999921977519989, 
      0.0015318449586629868, 
      -0.012396029196679592, 
      -0.999921977519989, 
      0.0015318449586629868, 
      -0.012396029196679592, 
      -0.999921977519989, 
      0.0015318449586629868
    ], 
    "IndexModes": [
      "Triangles"
    ]
  }
}