{
  "data": {
    "VertexCount": 4, 
    "Indices": [
      0, 
      1, 
      2, 
      1, 
      3, 
      2
    ], 
    "Vertices": [
      -0.6230901479721069, 
      1.5289180278778076, 
      2.3119740788501986e-08, 
      -1.0, 
      -1.0, 
      0.0, 
      1.0, 
      1.0, 
      0.0, 
      1.7643684148788452, 
      -1.3456225395202637, 
      -0.043959762901067734
    ], 
    "Normals": [
      0.0, 
      0.0, 
      0.999969482421875, 
      0.008301034569740295, 
      -0.008301034569740295, 
      0.999908447265625, 
      0.007049775682389736, 
      -0.007049775682389736, 
      0.99993896484375, 
      0.014130069874227047, 
      -0.014130069874227047, 
      0.999786376953125
    ], 
    "IndexModes": [
      "Triangles"
    ], 
    "IndexLengths": [
      6
    ]
  }, 
  "name": "Triangle", 
  "compressed": false
}