{
    "mapObjects": [
        {
            "id": "platform-1",
            "type": "platform",
            "scriptData": {
                "playerStart": true,
                "pauseOnTeleport": false,
                "activateTimes": []
            },
            "transform": {
                "translation": [
                    27.722705841064453,
                    -0.8960646986961365,
                    20.588275909423828
                ],
                "rotation": [
                    -0.8352823853492737,
                    -0.04255536571145058,
                    0.5481727719306946,
                    -0.050219494849443436,
                    0.9987376928329468,
                    0.0010109737049788237,
                    -0.5475238561630249,
                    -0.026684509590268135,
                    -0.8363651633262634
                ]
            }
        },
        {
            "id": "throwerSpline-1",
            "type": "throwerSpline",
            "scriptData": {
                "throwOrigin": [
                    0,
                    0,
                    0
                ],
                "throwDirection": [
                    0,
                    0,
                    1
                ],
                "throwVelocity": 1,
                "throws": [
                    {
                        "time": 999,
                        "type": "mallard_male",
                        "timeMin": 1,
                        "timeMax": 2,
                        "probability": 1,
                        "manualLaunch": false,
                        "sharedRandom": false,
                        "spline": "Sidoraketen"
                    }
                ],
                "splines": true,
                "projectiles": false,
                "repeatTime": 5
            },
            "transform": {
                "translation": [
                    24.083049774169922,
                    7.650457382202148,
                    46.809967041015625
                ],
                "rotation": [
                    1,
                    0,
                    0,
                    0,
                    1,
                    0,
                    0,
                    0,
                    1
                ],
                "scale": [
                    1,
                    1,
                    1
                ]
            }
        }
    ],
    "playerStart": {
        "translation": [
            25,
            0,
            25
        ],
        "rotation": [
            1,
            0,
            0,
            0,
            1,
            0,
            0,
            0,
            1
        ]
    },
    "wind": {
        "vector": [
            -4,
            0,
            4
        ]
    },
    "sounds": [
        "ambience1",
        "birdsong"
    ],
    "fog": {
        "enabled": false,
        "start": 1000,
        "end": 1000,
        "color": [
            1,
            1,
            1
        ]
    },
    "splines": [
        {
            "id": "RaketenRaktUpp",
            "points": [
                {
                    "transform": {
                        "translation": [
                            0,
                            4,
                            -2.9156723022460938
                        ],
                        "rotation": [
                            1,
                            0,
                            0,
                            0,
                            1,
                            0,
                            0,
                            0,
                            1
                        ],
                        "scale": [
                            1,
                            1,
                            1
                        ]
                    },
                    "t": 1.5
                },
                {
                    "transform": {
                        "translation": [
                            0,
                            7,
                            -4.622283935546875
                        ],
                        "rotation": [
                            1,
                            0,
                            0,
                            0,
                            1,
                            0,
                            0,
                            0,
                            1
                        ],
                        "scale": [
                            1,
                            1,
                            1
                        ]
                    },
                    "t": 1
                },
                {
                    "transform": {
                        "translation": [
                            8.721099853515625,
                            10,
                            -16.42009735107422
                        ],
                        "rotation": [
                            1,
                            0,
                            0,
                            0,
                            1,
                            0,
                            0,
                            0,
                            1
                        ],
                        "scale": [
                            1,
                            1,
                            1
                        ]
                    },
                    "t": 1
                }
            ],
            "lastUpdated": 0.22276660124771297
        },
        {
            "id": "Sidoraketen",
            "points": [
                {
                    "transform": {
                        "translation": [
                            0,
                            1,
                            0
                        ],
                        "rotation": [
                            0.13855160772800446,
                            0.03418984264135361,
                            0.9897655248641968,
                            -0.18585661053657532,
                            0.9825452566146851,
                            -0.007923293858766556,
                            -0.9727598428726196,
                            -0.1828564703464508,
                            0.1424873322248459
                        ],
                        "scale": [
                            1,
                            1,
                            0.474653422832489
                        ]
                    },
                    "t": 9
                },
                {
                    "transform": {
                        "translation": [
                            51.17776870727539,
                            -0.09332847595214844,
                            -5.011833190917969
                        ],
                        "rotation": [
                            -0.056608282029628754,
                            0.054890554398298264,
                            0.9968866109848022,
                            0.1043282002210617,
                            0.9933468699455261,
                            -0.04877185821533203,
                            -0.9929309487342834,
                            0.10124248266220093,
                            -0.061958275735378265
                        ],
                        "scale": [
                            1,
                            1,
                            1
                        ]
                    },
                    "t": 1
                }
            ],
            "lastUpdated": 0.4386911829933524
        }
    ],
    "gravity": 9.81,
    "skybox": "legend_02",
    "globalAmbient": [
        0.6037553429676369,
        0.6176470588235294,
        0.5994809688581315
    ],
    "light": {
        "color": [
            1,
            1,
            1
        ],
        "intensity": 1,