{
    "mapObjects": [
        {
            "id": "platform1",
            "type": "platform",
            "scriptData": {},
            "transform": {
                "translation": [
                    27.628122329711914,
                    -0.9827684164047241,
                    20.644466400146484
                ],
                "rotation": [
                    -0.763438880443573,
                    0.0017827674746513367,
                    0.6458778977394104,
                    0.012529869563877583,
                    0.9998490214347839,
                    0.012050705030560493,
                    -0.6457590460777283,
                    0.01729271374642849,
                    -0.7633460164070129
                ]
            }
        },
        {
            "id": "thrower1-1",
            "type": "thrower1",
            "scriptData": {
                "throwOrigin": [
                    0,
                    1,
                    0
                ],
                "throwDirection": [
                    -2,
                    1,
                    0
                ],
                "throwVelocity": 40,
                "throws": [],
                "repeatTime": 0
            },
            "transform": {
                "translation": [
                    -9.612991333007812,
                    8.523551940917969,
                    16.752716064453125
                ],
                "rotation": [
                    1,
                    0,
                    0,
                    0,
                    1,
                    0,
                    0,
                    0,
                    1
                ]
            }
        }
    ],
    "playerStart": {
        "translation": [
            25,
            0,
            25
        ],
        "rotation": [
            1,
            0,
            0,
            0,
            1,
            0,
            0,
            0,
            1
        ]
    },
    "wind": {
        "vector": [
            100,
            0,
            0
        ]
    },
    "sounds": [
        "ambience1",
        "birdsong"
    ],
    "fog": {
        "enabled": false,
        "start": 1000,
        "end": 1000,
        "color": [
            1,
            1,
            1
        ]
    },
    "splines": [],
    "gravity": 9.81,
    "globalAmbient": [
        0.3,
        0.3,
        0.3
    ],
    "light": {
        "color": [
            0.4117647058823529,
            0.48096885813148815,
            1
        ],
        "intensity": 1.8,
        "direction": [
            -0.6962867379188538,
            2.6921611464166237,
            0
        ]
    }
}