{
  "data": {
    "IndexModes": [
      "Triangles"
    ], 
    "VertexCount": 104, 
    "Vertices": [
      -7.907125949859619, 
      1.2655677795410156, 
      7.918153285980225, 
      -2.3099026679992676, 
      1.2655677795410156, 
      7.918153285980225, 
      -7.907125949859619, 
      1.2656420469284058, 
      -9.081846237182617, 
      -2.3099026679992676, 
      1.2655677795410156, 
      7.918153285980225, 
      2.1519875526428223, 
      1.2655677795410156, 
      7.918153285980225, 
      -7.907125949859619, 
      1.2656420469284058, 
      -9.081846237182617, 
      2.1519875526428223, 
      1.2655677795410156, 
      7.918153285980225, 
      7.879353046417236, 
      1.2655677795410156, 
      7.918153285980225, 
      7.879353046417236, 
      1.2656420469284058, 
      -9.081846237182617, 
      -7.907125949859619, 
      1.2656420469284058, 
      -9.081846237182617, 
      7.879353046417236, 
      1.2656420469284058, 
      -9.081846237182617, 
      7.879353046417236, 
      9.5879545211792, 
      -9.081807136535645, 
      -7.907125949859619, 
      9.5879545211792, 
      -9.081807136535645, 
      7.879353046417236, 
      1.2656420469284058, 
      -9.081846237182617, 
      7.879353046417236, 
      1.2655677795410156, 
      7.918153285980225, 
      7.879353046417236, 
      9.58788013458252, 
      7.918192386627197, 
      7.879353046417236, 
      9.5879545211792, 
      -9.081807136535645, 
      -7.907125949859619, 
      1.2655677795410156, 
      7.918153285980225, 
      -7.907125949859619, 
      1.2656420469284058, 
      -9.081846237182617, 
      -7.907125949859619, 
      9.5879545211792, 
      -9.081807136535645, 
      -7.907125949859619, 
      9.58788013458252, 
      7.918192386627197, 
      7.879353046417236, 
      9.58788013458252, 
      7.918192386627197, 
      2.1519875526428223, 
      7.408432483673096, 
      7.918179988861084, 
      2.1519875526428223, 
      9.58788013458252, 
      7.918192386627197, 
      7.879353046417236, 
      9.58788013458252, 
      7.918192386627197, 
      7.879353046417236, 
      1.2655677795410156, 
      7.918153285980225, 
      2.1519875526428223, 
      7.408432483673096, 
      7.918179988861084, 
      7.879353046417236, 
      1.2655677795410156, 
      7.918153285980225, 
      2.1519875526428223, 
      1.2655677795410156, 
      7.918153285980225, 
      2.1519875526428223, 
      7.408432483673096, 
      7.918179988861084, 
      -2.3099026679992676, 
      9.58788013458252, 
      7.918192386627197, 
      -7.907125949859619, 
      1.2655677795410156, 
      7.918153285980225, 
      -7.907125949859619, 
      9.58788013458252, 
      7.918192386627197, 
      -2.3099026679992676, 
      9.58788013458252, 
      7.918192386627197, 
      -2.3099026679992676, 
      7.408432483673096, 
      7.918179988861084, 
      -7.907125949859619, 
      1.2655677795410156, 
      7.918153285980225, 
      -2.3099026679992676, 
      7.408432483673096, 
      7.918179988861084, 
      -2.3099026679992676, 
      1.2655677795410156, 
      7.918153285980225, 
      -7.907125949859619, 
      1.2655677795410156, 
      7.918153285980225, 
      2.1519875526428223, 
      9.58788013458252, 
      7.918192386627197, 
      2.1519875526428223, 
      7.408432483673096, 
      7.918179988861084, 
      -2.3099026679992676, 
      7.408432483673096, 
      7.918179988861084, 
      -2.3099026679992676, 
      9.58788013458252, 
      7.918192386627197, 
      2.1519875526428223, 
      1.2655677795410156, 
      7.918153285980225, 
      -2.3099026679992676, 
      1.2655677795410156, 
      7.918153285980225, 
      -2.3099026679992676, 
      1.2655651569366455, 
      8.51815414428711, 
      2.1519875526428223, 
      1.2655651569366455, 
      8.51815414428711, 
      -2.3099026679992676, 
      7.408432483673096, 
      7.918179988861084, 
      2.1519875526428223, 
      7.408432483673096, 
      7.918179988861084, 
      2.1519875526428223, 
      7.408430099487305, 
      8.518180847167969, 
      -2.3099026679992676, 
      7.408430099487305, 
      8.518180847167969, 
      2.1519875526428223, 
      7.408432483673096, 
      7.918179988861084, 
      2.1519875526428223, 
      1.2655677795410156, 
      7.918153285980225, 
      2.1519875526428223, 
      1.2655651569366455, 
      8.51815414428711, 
      2.1519875526428223, 
      7.408430099487305, 
      8.518180847167969, 
      -2.3099026679992676, 
      1.2655677795410156, 
      7.918153285980225, 
      -2.3099026679992676, 
      7.408432483673096, 
      7.918179988861084, 
      -2.3099026679992676, 
      7.408430099487305, 
      8.518180847167969, 
      -2.3099026679992676, 
      1.2655651569366455, 
      8.51815414428711, 
      2.1519875526428223, 
      9.58787727355957, 
      8.518193244934082, 
      2.1519875526428223, 
      1.2655651569366455, 
      8.51815414428711, 
      8.266114234924316, 
      1.2655651569366455, 
      8.51815414428711, 
      8.266114234924316, 
      9.58787727355957, 
      8.518193244934082, 
      -2.3099026679992676, 
      7.408430099487305, 
      8.518180847167969, 
      2.1519875526428223, 
      7.408430099487305, 
      8.518180847167969, 
      2.1519875526428223, 
      9.58787727355957, 
      8.518193244934082, 
      -2.3099026679992676, 
      9.58787727355957, 
      8.518193244934082, 
      -2.3099026679992676, 
      9.58787727355957, 
      8.518193244934082, 
      -8.4238862991333, 
      9.58787727355957, 
      8.518193244934082, 
      -8.4238862991333, 
      1.2655651569366455, 
      8.51815414428711, 
      -2.3099026679992676, 
      7.408430099487305, 
      8.518180847167969, 
      -2.3099026679992676, 
      9.58787727355957, 
      8.518193244934082, 
      -8.4238862991333, 
      1.2655651569366455, 
      8.51815414428711, 
      -2.3099026679992676, 
      7.408430099487305, 
      8.518180847167969, 
      -8.4238862991333, 
      1.2655651569366455, 
      8.51815414428711, 
      -2.3099026679992676, 
      1.2655651569366455, 
      8.51815414428711, 
      -8.4238862991333, 
      1.2655651569366455, 
      8.51815414428711, 
      -8.4238862991333, 
      9.58787727355957, 
      8.518193244934082, 
      -8.4238862991333, 
      9.587955474853516, 
      -9.481806755065918, 
      -8.4238862991333, 
      1.2656437158584595, 
      -9.48184585571289, 
      8.266114234924316, 
      9.58787727355957, 
      8.518193244934082, 
      8.266114234924316, 
      1.2655651569366455, 
      8.51815414428711, 
      8.266114234924316, 
      1.2656437158584595, 
      -9.48184585571289, 
      8.266114234924316, 
      9.587955474853516, 
      -9.481806755065918, 
      8.266114234924316, 
      1.2656437158584595, 
      -9.48184585571289, 
      -8.4238862991333, 
      1.2656437158584595, 
      -9.48184585571289, 
      -8.4238862991333, 
      9.587955474853516, 
      -9.481806755065918, 
      8.266114234924316, 
      9.587955474853516, 
      -9.481806755065918, 
      -8.4238862991333, 
      0.2656437158584595, 
      -9.481850624084473, 
      -8.4238862991333, 
      0.2655651271343231, 
      8.518149375915527, 
      -8.4238862991333, 
      0.2656437158584595, 
      -9.481850624084473, 
      8.266114234924316, 
      0.2656437158584595, 
      -9.481850624084473, 
      8.266114234924316, 
      0.2655651271343231, 
      8.518149375915527, 
      -8.4238862991333, 
      0.2655651271343231, 
      8.518149375915527, 
      8.266114234924316, 
      0.2655651271343231, 
      8.518149375915527, 
      8.266114234924316, 
      0.2656437158584595, 
      -9.481850624084473, 
      8.266114234924316, 
      1.2655651569366455, 
      8.51815414428711, 
      -8.4238862991333, 
      1.2655651569366455, 
      8.51815414428711, 
      -8.4238862991333, 
      0.2655651271343231, 
      8.518149375915527, 
      8.266114234924316, 
      0.2655651271343231, 
