{
  "indices": [
    0, 
    1, 
    2, 
    0, 
    2, 
    3, 
    3, 
    4, 
    5, 
    3, 
    5, 
    0, 
    4, 
    6, 
    7, 
    4, 
    7, 
    5, 
    1, 
    7, 
    6, 
    1, 
    6, 
    2
  ], 
  "compressed": false, 
  "normals": [
    -0.7070833444595337, 
    0.0, 
    -0.7070833444595337, 
    -0.7070833444595337, 
    0.0, 
    0.7070833444595337, 
    -0.7070833444595337, 
    0.0, 
    0.7070833444595337, 
    -0.7070833444595337, 
    0.0, 
    -0.7070833444595337, 
    0.7070833444595337, 
    0.0, 
    -0.7070833444595337, 
    0.7070833444595337, 
    0.0, 
    -0.7070833444595337, 
    0.7070833444595337, 
    0.0, 
    0.7070833444595337, 
    0.7070833444595337, 
    0.0, 
    0.7070833444595337
  ], 
  "vertexCount": 8, 
  "name": "treeoccluder", 
  "vertices": [
    -0.7277044057846069, 
    -5.326832294464111, 
    -0.7277041673660278, 
    -0.7277044057846069, 
    -5.326832294464111, 
    0.727704644203186, 
    -0.7277044057846069, 
    5.226420879364014, 
    0.7277041673660278, 
    -0.7277044057846069, 
    5.226420879364014, 
    -0.727704644203186, 
    0.7277044057846069, 
    5.226420879364014, 
    -0.727704644203186, 
    0.7277044057846069, 
    -5.326832294464111, 
    -0.7277041673660278, 
    0.7277044057846069, 
    5.226420879364014, 
    0.7277041673660278, 
    0.7277044057846069, 
    -5.326832294464111, 
    0.727704644203186
  ], 
  "indexModes": [
    "Triangles"
  ], 
  "indexLengths": [
    24
  ]
}